001_1;Cluster_4;H1
002_2;Cluster_4;H2
003_1;Cluster_4;H3
004_2;Cluster_4;H4
005_2;Cluster_4;H5
006_2;Cluster_4;H6
007_2;Cluster_4;H7
008_1;Cluster_4;H8
009_2;Cluster_4;H6
010_1;Cluster_4;H9
011_2;Cluster_4;H6
012_1;Cluster_4;H2
013_2;Cluster_4;H3
014_2;Cluster_4;H6
015_2;Cluster_4;H3
016_2;Cluster_4;H8
017_2;Cluster_4;H10
018_1;Cluster_4;H6
019_1;Cluster_4;H1
020_1;Cluster_4;H11
021_2;Cluster_4;H6
022_2;Cluster_4;H6
023_2;Cluster_4;H12
024_1;Cluster_4;H5
025_1;Cluster_4;H8
026_2;Cluster_4;H3
027_1;Cluster_4;H13
028_1;Cluster_4;H8
029_2;Cluster_4;H14
030_1;Cluster_4;H15
031_2;Cluster_2;H16
032_1;Cluster_2;H16
033_1;Cluster_2;H16
034_2;Cluster_2;H17
035_1;Cluster_2;H16
037_2;Cluster_2;H17
038_2;Cluster_2;H16
039_2;Cluster_2;H17
040_1;Cluster_2;H16
041_2;Cluster_2;H17
042_1;Cluster_2;H16
043_2;Cluster_2;H18
044_1;Cluster_2;H18
045_1;Cluster_2;H17
046_2;Cluster_2;H17
047_2;Cluster_2;H17
048_2;Cluster_2;H17
049_1;Cluster_2;H18
050_2;Cluster_2;H17
051_1;Cluster_2;H17
052_2;Cluster_2;H19
053_2;Cluster_2;H20
054_2;Cluster_2;H21
055_1;Cluster_2;H17
057_2;Cluster_2;H17
058_2;Cluster_2;H17
059_1;Cluster_2;H17
060_1;Cluster_2;H17
061_2;Cluster_4;H22
062_2;Cluster_4;H23
063_2;Cluster_4;H23
064_2;Cluster_4;H24
065_2;Cluster_4;H22
066_1;Cluster_4;H23
067_2;Cluster_4;H25
068_1;Cluster_4;H25
069_1;Cluster_4;H23
070_1;Cluster_4;H23
071_2;Cluster_4;H23
072_1;Cluster_4;H26
073_1;Cluster_4;H25
074_2;Cluster_4;H27
075_1;Cluster_4;H28
076_2;Cluster_4;H29
077_1;Cluster_4;H23
078_1;Cluster_4;H30
079_2;Cluster_4;H31
080_2;Cluster_4;H25
081_1;Cluster_4;H32
082_1;Cluster_4;H33
083_2;Cluster_4;H23
084_1;Cluster_4;H34
085_2;Cluster_2;H35
086_1;Cluster_2;H36
087_1;Cluster_2;H36
088_1;Cluster_2;H37
089_1;Cluster_2;H36
090_1;Cluster_2;H38
091_1;Cluster_2;H38
092_2;Cluster_2;H36
093_1;Cluster_2;H39
094_2;Cluster_2;H38
095_1;Cluster_2;H35
096_2;Cluster_2;H36
097_1;Cluster_2;H35
098_1;Cluster_2;H38
099_2;Cluster_2;H40
100_1;Cluster_2;H38
101_2;Cluster_2;H36
102_1;Cluster_2;H40
104_1;Cluster_2;H36
105_1;Cluster_2;H38
107_2;Cluster_2;H38
108_1;Cluster_2;H38
109_1;Cluster_2;H36
110_1;Cluster_2;H36
111_1;Cluster_2;H36
112_2;Cluster_2;H41
113_2;Cluster_4;H42
114_1;Cluster_4;H43
115_1;Cluster_4;H43
118_1;Cluster_4;H44
119_1;Cluster_4;H45
120_2;Cluster_4;H46
122_1;Cluster_4;H47
123_2;Cluster_4;H42
124_1;Cluster_4;H48
125_1;Cluster_4;H49
126_2;Cluster_4;H45
127_2;Cluster_4;H43
128_2;Cluster_4;H50
129_1;Cluster_4;H51
130_1;Cluster_4;H48
131_1;Cluster_4;H52
132_2;Cluster_4;H47
133_1;Cluster_4;H53
134_1;Cluster_4;H47
135_2;Cluster_4;H8
136_2;Cluster_4;H13
137_1;Cluster_4;H53
138_2;Cluster_2;H41
139_1;Cluster_2;H54
141_2;Cluster_4;H42
142_2;Cluster_2;H55
143_2;Cluster_2;H56
144_2;Cluster_2;H57
145_2;Cluster_2;H56
146_1;Cluster_2;H56
147_1;Cluster_2;H56
148_2;Cluster_2;H58
149_2;Cluster_2;H59
150_1;Cluster_2;H58
151_2;Cluster_2;H58
152_2;Cluster_2;H56
153_1;Cluster_2;H56
154_1;Cluster_2;H60
155_1;Cluster_2;H56
156_2;Cluster_2;H56
157_1;Cluster_2;H61
158_1;Cluster_2;H58
159_1;Cluster_2;H62
160_2;Cluster_2;H56
161_2;Cluster_2;H56
162_2;Cluster_2;H60
163_2;Cluster_2;H60
164_2;Cluster_2;H56
165_2;Cluster_2;H56
166_2;Cluster_2;H62
167_2;Cluster_1;H63
168_1;Cluster_1;H64
169_2;Cluster_1;H63
170_2;Cluster_1;H63
172_2;Cluster_3;H65
173_1;Cluster_1;H64
174_2;Cluster_3;H66
175_2;Cluster_1;H63
176_2;Cluster_3;H65
177_1;Cluster_3;H67
179_2;Cluster_3;H68
180_2;Cluster_3;H69
181_2;Cluster_3;H70
182_1;Cluster_3;H71
183_2;Cluster_3;H72
184_1;Cluster_1;H64
185_1;Cluster_1;H63
187_2;Cluster_1;H63
188_1;Cluster_1;H63
189_2;Cluster_1;H63
190_1;Cluster_1;H73
191_1;Cluster_1;H64
192_2;Cluster_1;H74
193_2;Cluster_1;H75
194_1;Cluster_3;H71
195_2;Cluster_1;H73
196_2;Cluster_3;H71
197_2;Cluster_2;H76
198_2;Cluster_2;H77
199_1;Cluster_2;H76
200_1;Cluster_2;H76
201_2;Cluster_2;H76
202_1;Cluster_2;H76
203_1;Cluster_2;H78
204_1;Cluster_2;H79
205_1;Cluster_2;H80
206_1;Cluster_2;H76
207_1;Cluster_2;H76
208_1;Cluster_2;H76
209_1;Cluster_2;H76
210_1;Cluster_2;H76
211_2;Cluster_2;H79
212_1;Cluster_2;H80
213_1;Cluster_2;H76
214_2;Cluster_2;H81
215_1;Cluster_2;H76
216_2;Cluster_2;H77
217_2;Cluster_2;H82
218_1;Cluster_2;H16
219_1;Cluster_2;H77
220_2;Cluster_2;H76
221_1;Cluster_2;H76
222_2;Cluster_2;H76
223_2;Cluster_2;H80
224_1;Cluster_2;H76
225_1;Cluster_2;H76
226_2;Cluster_2;H76
227_2;Cluster_3;H83
228_1;Cluster_3;H83
229_1;Cluster_3;H84
230_2;Cluster_3;H83
231_1;Cluster_3;H83
232_2;Cluster_3;H83
233_2;Cluster_3;H83
235_1;Cluster_1;H85
236_1;Cluster_3;H83
237_1;Cluster_3;H83
238_2;Cluster_3;H83
240_1;Cluster_3;H86
241_1;Cluster_3;H86
242_1;Cluster_3;H83
243_1;Cluster_3;H83
244_2;Cluster_3;H83
245_1;Cluster_3;H83
246_1;Cluster_3;H83
247_2;Cluster_3;H83
248_2;Cluster_3;H86
249_2;Cluster_3;H83
250_2;Cluster_3;H83
251_2;Cluster_3;H86
252_2;Cluster_3;H83
253_1;Cluster_3;H83
254_2;Cluster_3;H83
255_1;Cluster_3;H83
256_1;Cluster_3;H86
257_2;Cluster_3;H87
258_1;Cluster_3;H88
259_1;Cluster_3;H66
260_2;Cluster_3;H87
261_2;Cluster_3;H89
262_1;Cluster_3;H90
263_2;Cluster_3;H88
264_2;Cluster_3;H83
265_1;Cluster_3;H66
266_1;Cluster_3;H90
267_1;Cluster_3;H89
268_1;Cluster_3;H90
269_1;Cluster_3;H89
270_1;Cluster_3;H89
271_2;Cluster_3;H88
272_2;Cluster_3;H91
273_2;Cluster_3;H87
274_1;Cluster_3;H89
276_1;Cluster_3;H92
277_6;Cluster_3;H90
278_1;Cluster_3;H90
279_1;Cluster_3;H87
280_2;Cluster_3;H66
281_1;Cluster_3;H90
282_2;Cluster_3;H87
283_1;Cluster_3;H87
284_2;Cluster_3;H93
285_1;Cluster_1;H94
286_2;Cluster_1;H95
287_2;Cluster_3;H96
288_2;Cluster_1;H97
289_2;Cluster_3;H96
290_2;Cluster_3;H98
291_2;Cluster_1;H99
292_1;Cluster_1;H99
293_2;Cluster_1;H99
294_1;Cluster_3;H100
295_1;Cluster_3;H101
296_2;Cluster_3;H102
297_2;Cluster_3;H103
298_2;Cluster_3;H104
299_2;Cluster_3;H96
300_2;Cluster_3;H100
301_2;Cluster_1;H95
302_1;Cluster_1;H95
303_1;Cluster_3;H105
304_2;Cluster_3;H106
305_2;Cluster_3;H103
306_1;Cluster_1;H107
307_1;Cluster_1;H97
308_2;Cluster_1;H99
309_1;Cluster_1;H94
310_2;Cluster_3;H103
311_1;Cluster_3;H108
312_1;Cluster_3;H108
313_2;Cluster_1;H95
314_2;Cluster_3;H109
315_1;Cluster_3;H110
316_2;Cluster_3;H111
317_1;Cluster_3;H112
318_2;Cluster_3;H109
319_1;Cluster_3;H113
320_2;Cluster_3;H113
321_1;Cluster_3;H114
322_2;Cluster_3;H115
323_1;Cluster_3;H116
324_2;Cluster_3;H117
325_2;Cluster_3;H109
326_2;Cluster_3;H109
327_1;Cluster_3;H109
328_2;Cluster_3;H118
329_2;Cluster_3;H116
330_1;Cluster_3;H110
331_2;Cluster_3;H109
332_2;Cluster_3;H109
334_1;Cluster_3;H119
335_2;Cluster_3;H120
336_2;Cluster_3;H121
337_2;Cluster_3;H116
338_1;Cluster_3;H122
340_1;Cluster_3;H115
341_1;Cluster_3;H123
342_2;Cluster_3;H116
343_2;Cluster_3;H124
344_1;Cluster_3;H125
345_2;Cluster_3;H126
346_1;Cluster_3;H127
347_1;Cluster_3;H128
348_1;Cluster_3;H101
349_1;Cluster_3;H129
350_2;Cluster_3;H130
351_2;Cluster_3;H131
352_2;Cluster_3;H132
353_2;Cluster_3;H133
354_1;Cluster_3;H134
355_2;Cluster_3;H131
356_1;Cluster_3;H135
357_2;Cluster_3;H136
358_2;Cluster_3;H130
359_1;Cluster_3;H135
360_1;Cluster_3;H135
361_1;Cluster_3;H137
363_1;Cluster_3;H138
364_2;Cluster_3;H139
365_1;Cluster_3;H140
366_2;Cluster_3;H130
367_2;Cluster_3;H141
368_1;Cluster_3;H142
369_2;Cluster_3;H128
370_1;Cluster_3;H143
371_2;Cluster_3;H140
372_1;Cluster_3;H130
373_1;Cluster_3;H130
374_2;Cluster_3;H144
376_1;Cluster_3;H144
377_2;Cluster_3;H144
378_1;Cluster_3;H144
379_2;Cluster_3;H145
380_2;Cluster_3;H144
382_4;Cluster_3;H146
383_2;Cluster_3;H144
384_1;Cluster_3;H144
385_2;Cluster_3;H83
386_1;Cluster_3;H144
387_2;Cluster_1;H147
388_2;Cluster_1;H147
389_2;Cluster_1;H147
390_2;Cluster_1;H147
391_2;Cluster_1;H147
392_2;Cluster_1;H147
393_1;Cluster_1;H147
395_2;Cluster_1;H147
396_1;Cluster_1;H147
397_2;Cluster_1;H147
398_1;Cluster_3;H145
399_2;Cluster_1;H147
400_2;Cluster_3;H148
401_2;Cluster_3;H149
402_1;Cluster_3;H150
403_1;Cluster_3;H151
404_2;Cluster_3;H148
405_1;Cluster_3;H148
406_1;Cluster_3;H150
407_1;Cluster_3;H152
408_1;Cluster_3;H151
409_1;Cluster_3;H153
410_2;Cluster_3;H150
411_1;Cluster_3;H150
414_2;Cluster_3;H148
415_1;Cluster_3;H150
416_1;Cluster_3;H148
417_1;Cluster_2;H154
418_1;Cluster_2;H155
419_1;Cluster_2;H156
420_2;Cluster_2;H157
421_2;Cluster_2;H154
422_1;Cluster_2;H156
423_2;Cluster_2;H154
424_2;Cluster_2;H157
425_1;Cluster_2;H156
426_2;Cluster_2;H155
427_2;Cluster_2;H154
428_1;Cluster_2;H156
429_1;Cluster_2;H154
431_2;Cluster_2;H157
432_1;Cluster_2;H155
434_1;Cluster_2;H158
436_2;Cluster_2;H159
437_1;Cluster_2;H160
438_2;Cluster_2;H160
439_1;Cluster_2;H161
440_1;Cluster_2;H161
441_1;Cluster_2;H160
442_1;Cluster_2;H160
443_1;Cluster_2;H160
444_2;Cluster_2;H160
445_1;Cluster_2;H160
446_1;Cluster_2;H160
448_1;Cluster_2;H160
449_1;Cluster_2;H160
450_1;Cluster_2;H160
451_2;Cluster_2;H160
452_1;Cluster_2;H160
453_1;Cluster_2;H160
454_1;Cluster_4;H34
455_1;Cluster_4;H34
456_1;Cluster_4;H22
457_2;Cluster_4;H6
458_2;Cluster_4;H162
459_2;Cluster_4;H34
460_1;Cluster_4;H163
461_1;Cluster_4;H164
462_2;Cluster_4;H34
464_2;Cluster_4;H165
465_1;Cluster_4;H34
466_2;Cluster_4;H6
467_1;Cluster_4;H34
468_2;Cluster_4;H6
469_1;Cluster_4;H6
470_1;Cluster_4;H165
471_1;Cluster_4;H166
472_2;Cluster_4;H164
473_2;Cluster_4;H167
474_2;Cluster_4;H163
475_1;Cluster_4;H162
478_1;Cluster_4;H34
479_1;Cluster_4;H163
480_2;Cluster_4;H168
482_2;Cluster_4;H169
483_1;Cluster_4;H6
484_2;Cluster_4;H170
485_2;Cluster_4;H171
486_2;Cluster_4;H172
487_2;Cluster_4;H173
488_1;Cluster_2;H174
489_2;Cluster_4;H172
490_2;Cluster_4;H172
491_2;Cluster_4;H175
492_1;Cluster_4;H176
493_2;Cluster_4;H177
495_2;Cluster_4;H8
497_2;Cluster_4;H178
498_2;Cluster_4;H165
499_1;Cluster_4;H165
500_1;Cluster_4;H165
