ID,Location,Time
Wuhan-Hu-1/2019,China,2019/12/26
DP0005,DP,2020/2/15
DP0027,DP,2020/2/15
DP0037,DP,2020/2/15
DP0058,DP,2020/2/15
DP0059,DP,2020/2/15
DP0065,DP,2020/2/15
DP0077,DP,2020/2/15
DP0078,DP,2020/2/15
DP0104,DP,2020/2/15
DP0107,DP,2020/2/15
DP0121,DP,2020/2/15
DP0133,DP,2020/2/15
DP0134,DP,2020/2/15
DP0152,DP,2020/2/15
DP0158,DP,2020/2/15
DP0184,DP,2020/2/15
DP0190,DP,2020/2/15
DP0191,DP,2020/2/15
DP0196,DP,2020/2/15
DP0200,DP,2020/2/15
DP0236,DP,2020/2/16
DP0274,DP,2020/2/16
DP0278,DP,2020/2/16
DP0286,DP,2020/2/16
DP0287,DP,2020/2/16
DP0289,DP,2020/2/16
DP0290,DP,2020/2/16
DP0294,DP,2020/2/16
DP0311,DP,2020/2/16
DP0319,DP,2020/2/16
DP0328,DP,2020/2/16
DP0344,DP,2020/2/16
DP0346,DP,2020/2/16
DP0357,DP,2020/2/16
DP0361,DP,2020/2/16
DP0438,DP,2020/2/16
DP0457,DP,2020/2/16
DP0462,DP,2020/2/16
DP0464,DP,2020/2/16
DP0476,DP,2020/2/16
DP0481,DP,2020/2/16
DP0482,DP,2020/2/16
DP0543,DP,2020/2/17
DP0544,DP,2020/2/17
DP0568,DP,2020/2/17
DP0588,DP,2020/2/17
DP0644,DP,2020/2/17
DP0645,DP,2020/2/17
DP0654,DP,2020/2/17
DP0687,DP,2020/2/17
DP0690,DP,2020/2/17
DP0697,DP,2020/2/17
DP0699,DP,2020/2/17
DP0700,DP,2020/2/17
DP0703,DP,2020/2/17
DP0724,DP,2020/2/17
DP0743,DP,2020/2/17
DP0752,DP,2020/2/17
DP0763,DP,2020/2/17
DP0764,DP,2020/2/17
DP0765,DP,2020/2/17
DP0779,DP,2020/2/17
DP0785,DP,2020/2/17
DP0786,DP,2020/2/17
DP0802,DP,2020/2/17
DP0803,DP,2020/2/17
DP0804,DP,2020/2/17
DP0827,DP,2020/2/17
DP0880,DP,2020/2/17
DP0890,DP,2020/2/17
Wuhan/IVDC-HB-01/2019,China,2019/12/30
Wuhan/IVDC-HB-04/2020,China,2020/1/1
Wuhan/IVDC-HB-05/2019,China,2019/12/30
Wuhan/IPBCAMS-WH-01/2019,China,2019/12/24
Wuhan/WIV04/2019,China,2019/12/30
Wuhan/WIV02/2019,China,2019/12/30
Wuhan/WIV05/2019,China,2019/12/30
Wuhan/WIV06/2019,China,2019/12/30
Wuhan/WIV07/2019,China,2019/12/30
Wuhan/HBCDC-HB-01/2019,China,2019/12/30
Wuhan/IPBCAMS-WH-05/2020,China,2020/1/1
Wuhan/IPBCAMS-WH-04/2019,China,2019/12/30
Wuhan/IPBCAMS-WH-03/2019,China,2019/12/30
Wuhan/IPBCAMS-WH-02/2019,China,2019/12/30
Guangdong/20SF012/2020,China,2020/1/14
Guangdong/20SF013/2020,China,2020/1/15
Guangdong/20SF014/2020,China,2020/1/15
Guangdong/20SF025/2020,China,2020/1/15
Guangdong/20SF028/2020,China,2020/1/17
Guangdong/20SF040/2020,China,2020/1/18
Thailand/61/2020,other Asia,2020/1/8
Thailand/74/2020,other Asia,2020/1/13
Zhejiang/WZ-01/2020,China,2020/1/16
Zhejiang/WZ-02/2020,China,2020/1/17
USA/WA1/2020,North America,2020/1/19
Shenzhen/HKU-SZ-005/2020,China,2020/1/11
Shenzhen/HKU-SZ-002/2020,China,2020/1/10
Taiwan/2/2020,other Asia,2020/1/23
USA/CA1/2020,North America,2020/1/23
USA/CA2/2020,North America,2020/1/22
USA/AZ1/2020,North America,2020/1/22
Guangdong/20SF174/2020,China,2020/1/22
Guangzhou/20SF206/2020,China,2020/1/22
Foshan/20SF207/2020,China,2020/1/22
Foshan/20SF210/2020,China,2020/1/22
Foshan/20SF211/2020,China,2020/1/22
Guangdong/20SF201/2020,China,2020/1/23
Shenzhen/SZTH-002/2020,China,2020/1/13
Shenzhen/SZTH-003/2020,China,2020/1/16
Shenzhen/SZTH-004/2020,China,2020/1/16
France/IDF0372/2020,Europe,2020/1/23
France/IDF0373/2020,Europe,2020/1/23
Wuhan/WHU01/2020,China,2020/1/2
Wuhan/WHU02/2020,China,2020/1/2
Wuhan/WH01/2019,China,2019/12/26
Wuhan/WH03/2020,China,2020/1/1
Wuhan/WH04/2020,China,2020/1/5
Australia/VIC01/2020,Oceania,2020/1/25
Germany/BavPat1/2020,Europe,2020/1/28
Hangzhou/HZ-1/2020,China,2020/1/20
Singapore/1/2020,other Asia,2020/1/23
England/02/2020,Europe,2020/1/29
Japan/AI-I-004/2020,Japan,2020/1/25
SouthKorea/KCDC03/2020,other Asia,2020/1/25
USA/WA1-A12/2020,North America,2020/1/25
USA/WA1-F6/2020,North America,2020/1/25
Hangzhou/HZCDC0001/2020,China,2020/1/19
Australia/NSW01/2020,Oceania,2020/1/24
Australia/QLD01/2020,Oceania,2020/1/28
Australia/QLD02/2020,Oceania,2020/1/30
Belgium/GHB-03021/2020,Europe,2020/2/3
Singapore/2/2020,other Asia,2020/1/25
Singapore/3/2020,other Asia,2020/2/1
USA/CA3/2020,North America,2020/1/29
USA/CA4/2020,North America,2020/1/29
USA/CA5/2020,North America,2020/1/29
France/IDF0515/2020,Europe,2020/1/29
France/IDF0626/2020,Europe,2020/1/29
Chongqing/YC01/2020,China,2020/1/21
Chongqing/ZX01/2020,China,2020/1/23
Yunnan/IVDC-YN-003/2020,China,2020/1/17
Chongqing/IVDC-CQ-001/2020,China,2020/1/18
Shandong/IVDC-SD-001/2020,China,2020/1/19
Sichuan/IVDC-SC-001/2020,China,2020/1/15
Jiangxi/IVDC-JX-002/2020,China,2020/1/11
Jiangsu/IVDC-JS-001/2020,China,2020/1/19
env/Wuhan/IVDC-HBF13-20/2020,China,2020/1/1
env/Wuhan/IVDC-HBF13-21/2020,China,2020/1/1
Japan/TY-WK-012/2020,Japan,2020/1/29
Japan/TY-WK-501/2020,Japan,2020/1/31
Japan/TY-WK-521/2020,Japan,2020/1/31
Vietnam/VR03-38142/2020,other Asia,2020/1/24
Japan/KY-V-029/2020,Japan,2020/1/29
USA/WI1/2020,North America,2020/1/31
Australia/NSW02/2020,Oceania,2020/1/22
Australia/NSW03/2020,Oceania,2020/1/25
USA/CA6/2020,North America,2020/1/27
USA/IL2/2020,North America,2020/1/28
Taiwan/NTU02/2020,other Asia,2020/2/5
Nepal/61/2020,other Asia,2020/1/13
France/RA739/2020,Europe,2020/2/8
Japan/NA-20-05-1/2020,Japan,2020/1/25
Japan/OS-20-07-1/2020,Japan,2020/1/23
Singapore/4/2020,other Asia,2020/2/3
Singapore/5/2020,other Asia,2020/2/6
Singapore/6/2020,other Asia,2020/2/9
Italy/INMI1-cs/2020,Europe,2020/1/29
Singapore/7/2020,other Asia,2020/1/27
Singapore/8/2020,other Asia,2020/2/3
Singapore/9/2020,other Asia,2020/2/4
Singapore/10/2020,other Asia,2020/2/4
Australia/QLD03/2020,Oceania,2020/2/5
Australia/QLD04/2020,Oceania,2020/2/5
Singapore/11/2020,other Asia,2020/2/2
France/IDF0372-isl/2020,Europe,2020/1/23
France/IDF0515-isl/2020,Europe,2020/1/29
Fujian/8/2020,China,2020/1/21
Fujian/13/2020,China,2020/1/22
France/IDF0571/2020,Europe,2020/2/2
France/IDF0386-islP1/2020,Europe,2020/1/28
France/IDF0386-islP3/2020,Europe,2020/1/28
Cambodia/0012/2020,other Asia,2020/1/27
Taiwan/CGMH-CGU-01/2020,other Asia,2020/1/25
Taiwan/3/2020,other Asia,2020/1/24
Taiwan/4/2020,other Asia,2020/1/28
SouthKorea/SNU01/2020,other Asia,2020/1/1
Jiangsu/JS01/2020,China,2020/1/23
Sweden/01/2020,Europe,2020/2/7
Jiangsu/JS02/2020,China,2020/1/24
Jiangsu/JS03/2020,China,2020/1/24
USA/CA7/2020,North America,2020/2/6
USA/CA8/2020,North America,2020/2/10
USA/TX1/2020,North America,2020/2/11
China/WH-09/2020,China,2020/1/8
HongKong/VB20024950/2020,other Asia,2020/1/30
HongKong/VB20026565/2020,other Asia,2020/2/1
Jingzhou/HBCDC-HB-01/2020,China,2020/1/8
SouthKorea/KCDC05/2020,other Asia,2020/1/30
SouthKorea/KCDC06/2020,other Asia,2020/1/30
SouthKorea/KCDC07/2020,other Asia,2020/1/31
SouthKorea/KCDC12/2020,other Asia,2020/2/1
SouthKorea/KCDC24/2020,other Asia,2020/2/6
Wuhan/HBCDC-HB-02/2019,China,2019/12/30
Wuhan/HBCDC-HB-03/2019,China,2019/12/30
China/IQTC01/2020,China,2020/2/5
China/IQTC02/2020,China,2020/1/29
Japan/Hu_DP_Kng_19-020/2020,DP,2020/2/10
Japan/Hu_DP_Kng_19-027/2020,DP,2020/2/10
Italy/SPL1/2020,Europe,2020/1/29
Wuhan/HBCDC-HB-02/2020,China,2020/1/17
Wuhan/HBCDC-HB-03/2020,China,2020/1/18
Wuhan/HBCDC-HB-04/2020,China,2020/1/18
Wuhan/HBCDC-HB-06/2020,China,2020/2/7
Canada/ON-PHL2445/2020,North America,2020/1/25
Canada/ON-VIDO-01/2020,North America,2020/1/23
SouthKorea/KUMC01/2020,other Asia,2020/2/6
SouthKorea/KUMC02/2020,other Asia,2020/2/6
Anhui/SZ005/2020,China,2020/1/24
Beijing/105/2020,China,2020/1/26
Beijing/231/2020,China,2020/1/28
Beijing/233/2020,China,2020/1/28
Beijing/235/2020,China,2020/1/28
India/1-27/2020,other Asia,2020/1/27
India/1-31/2020,other Asia,2020/1/31
USA/CruiseA-1/2020,CruiseA,2020/2/17
USA/CruiseA-2/2020,CruiseA,2020/2/18
USA/CruiseA-3/2020,CruiseA,2020/2/18
USA/CruiseA-7/2020,CruiseA,2020/2/17
USA/CruiseA-8/2020,CruiseA,2020/2/17
USA/CruiseA-9/2020,CruiseA,2020/2/17
USA/CruiseA-10/2020,CruiseA,2020/2/17
USA/CruiseA-11/2020,CruiseA,2020/2/17
USA/CruiseA-15/2020,CruiseA,2020/2/18
USA/CruiseA-16/2020,CruiseA,2020/2/18
China/WF0001/2020,China,2020/1/1
China/WF0002/2020,China,2020/1/1
China/WF0003/2020,China,2020/1/1
China/WF0004/2020,China,2020/1/1
Guangdong/2020XN4243-P0035/2020,China,2020/1/30
Guangdong/2020XN4475-P0042/2020,China,2020/1/30
Guangdong/2020XN4448-P0002/2020,China,2020/1/31
Guangdong/GD2020080-P0010/2020,China,2020/2/1
Guangdong/GD2020087-P0008/2020,China,2020/2/1
Guangdong/GD2020246-P0028/2020,China,2020/2/9
USA/CruiseA-19/2020,CruiseA,2020/2/18
USA/CruiseA-25/2020,CruiseA,2020/2/17
Shanghai/SH01/2020,China,2020/2/2
Japan/TKYE6182/2020,Japan,2020/1/20
HongKong/VM20002493/2020,other Asia,2020/2/9
HongKong/VM20002507/2020,other Asia,2020/2/10
HongKong/VM20002582/2020,other Asia,2020/2/12
Shandong/LY003/2020,China,2020/1/23
Shandong/LY004/2020,China,2020/1/26
Shandong/LY005/2020,China,2020/1/24
Shandong/LY007/2020,China,2020/1/25
Shandong/LY008/2020,China,2020/1/30
Hangzhou/ZJU-01/2020,China,2020/1/25
Hangzhou/ZJU-05/2020,China,2020/1/22
Hangzhou/ZJU-02/2020,China,2020/1/26
Hangzhou/ZJU-03/2020,China,2020/1/25
Hangzhou/ZJU-04/2020,China,2020/1/24
Hangzhou/ZJU-06/2020,China,2020/2/2
Shanghai/SH0002/2020,China,2020/1/25
Shanghai/SH0003/2020,China,2020/1/25
Shanghai/SH0004/2020,China,2020/1/28
Shanghai/SH0007/2020,China,2020/1/28
Shanghai/SH0008/2020,China,2020/1/28
Shanghai/SH0009/2020,China,2020/1/29
Shanghai/SH0010/2020,China,2020/1/29
Shanghai/SH0012/2020,China,2020/2/2
Shanghai/SH0013/2020,China,2020/1/30
Shanghai/SH0021/2020,China,2020/2/2
Shanghai/SH0022/2020,China,2020/1/30
Shanghai/SH0023/2020,China,2020/1/30
Shanghai/SH0026/2020,China,2020/2/2
Shanghai/SH0027/2020,China,2020/2/1
Shanghai/SH0029/2020,China,2020/2/1
Shanghai/SH0030/2020,China,2020/2/3
Shanghai/SH0032/2020,China,2020/2/1
Shanghai/SH0043/2020,China,2020/1/30
Shanghai/SH0044/2020,China,2020/2/4
Shanghai/SH0053/2020,China,2020/2/1
Shanghai/SH0054/2020,China,2020/2/2
Shanghai/SH0055/2020,China,2020/2/8
Shanghai/SH0060/2020,China,2020/2/1
Shanghai/SH0070/2020,China,2020/2/7
Shanghai/SH0073/2020,China,2020/2/5
Shanghai/SH0074/2020,China,2020/2/7
Shanghai/SH0077/2020,China,2020/2/9
Shanghai/SH0079/2020,China,2020/2/1
Shanghai/SH0080/2020,China,2020/2/8
Shanghai/SH0094/2020,China,2020/1/31
Shanghai/SH0101/2020,China,2020/2/9
Shanghai/SH0102/2020,China,2020/2/14
Shanghai/SH0107/2020,China,2020/2/2
Shanghai/SH0109/2020,China,2020/2/2
Shanghai/SH0110/2020,China,2020/2/13
Shanghai/SH0114/2020,China,2020/2/2
Shanghai/SH0115/2020,China,2020/2/11
Shanghai/SH0117/2020,China,2020/2/2
Shanghai/SH0119/2020,China,2020/2/9
Shanghai/SH0121/2020,China,2020/2/2
Shanghai/SH0126/2020,China,2020/2/15
Australia/VIC03/2020,Oceania,2020/1/25
Australia/VIC07/2020,Oceania,2020/2/8
Hangzhou/ZJU-07/2020,China,2020/2/3
Vietnam/38142/2020,other Asia,2020/1/24
Vietnam/CM99/2020,other Asia,2020/2/11
Hangzhou/ZJU-08/2020,China,2020/1/26
Hangzhou/ZJU-09/2020,China,2020/1/28
Malaysia/MKAK-CL-2020-5045/2020,other Asia,2020/1/24
Malaysia/MKAK-CL-2020-5047/2020,other Asia,2020/1/24
Malaysia/MKAK-CL-2020-6430/2020,other Asia,2020/2/4
Malaysia/MKAK-CL-2020-7554/2020,other Asia,2020/2/6
Australia/NSW04/2020,Oceania,2020/1/24
HongKong/VB20017970/2020,other Asia,2020/1/21
HongKong/HKPU6_2101/2020,other Asia,2020/1/25
HongKong/HKPU28_3001/2020,other Asia,2020/2/9
HongKong/HKPU29_0102/2020,other Asia,2020/2/8
HongKong/HKPU30_2901/2020,other Asia,2020/2/8
HongKong/HKPU32_0402/2020,other Asia,2020/2/9
HongKong/HKPU34_3001/2020,other Asia,2020/2/9
Vietnam/19-02S/2020,other Asia,2020/1/22
Vietnam/19-01S/2020,other Asia,2020/1/22
Canada/ON_PHL4181/2020,North America,2020/1/25
Hangzhou/HZ48/2020,China,2020/1/21
Hangzhou/HZ49/2020,China,2020/1/21
Hangzhou/HZ60/2020,China,2020/1/22
Hangzhou/HZ79/2020,China,2020/1/21
Hangzhou/HZ90/2020,China,2020/1/21
Hangzhou/HZ91/2020,China,2020/1/21
Hangzhou/HZ162/2020,China,2020/1/23
Hangzhou/HZ178/2020,China,2020/1/23
Hangzhou/HZ185/2020,China,2020/1/23
Hangzhou/HZ477/2020,China,2020/1/24
Hangzhou/HZ481/2020,China,2020/1/25
Hangzhou/HZ551/2020,China,2020/1/25
Hangzhou/HZ576/2020,China,2020/1/25
Hangzhou/HZ638/2020,China,2020/1/25
HongKong/HKPU36-0702/2020,other Asia,2020/2/9
Hangzhou/ZJU-010/2020,China,2020/2/3
Hangzhou/ZJU-011/2020,China,2020/2/4
HongKong/HKPU39-3001/2020,other Asia,2020/2/10
HongKong/HKPU41-0802/2020,other Asia,2020/2/10
HongKong/HKPU48-0202/2020,other Asia,2020/2/11
HongKong/HKPU52-3101/2020,other Asia,2020/2/13
HongKong/HKPU63-1402/2020,other Asia,2020/2/19
HongKong/HKPU64-1202/2020,other Asia,2020/2/19
Japan/Hu_DP_Kng_19-031/2020,Japan,2020/2/14
Hangzhou/HZCDC0119/2020,China,2020/1/22
Hangzhou/HZCDC0091L/2020,China,2020/1/21
Hangzhou/HZCDC0090L/2020,China,2020/1/21
Hangzhou/HZCDC0049L/2020,China,2020/1/21
Hangzhou/HZCDC0048L/2020,China,2020/1/21
Hangzhou/HZCDC0048/2020,China,2020/1/21
Hangzhou/HZCDC0013/2020,China,2020/1/20
Hangzhou/HZCDC0012/2020,China,2020/1/20
Jiujiang/JX22/2020,China,2020/1/22
Nanchang/JX174/2020,China,2020/1/29
Shangrao/JX105/2020,China,2020/1/26
Shangrao/JX1948/2020,China,2020/2/5
Nanchang/JX177/2020,China,2020/1/30
Ganzhou/JX81/2020,China,2020/1/25
Nanchang/JX14/2020,China,2020/1/21
Shangrao/JX29/2020,China,2020/1/22
Nanchang/JX90/2020,China,2020/1/25
Nanchang/JX149/2020,China,2020/1/27
Nanchang/JX39/2020,China,2020/1/23
Xinyu/JX122/2020,China,2020/1/25
Shangrao/JX1177/2020,China,2020/2/3
Shangrao/JX1176/2020,China,2020/2/3
Pingxiang/JX5/2020,China,2020/1/11
Jian/JX129/2020,China,2020/1/26
Shangrao/JX1178/2020,China,2020/2/3
Jian/JX169/2020,China,2020/1/27
Shangrao/JX1215/2020,China,2020/2/2
Shangrao/JX1974/2020,China,2020/2/8
Pingxiang/JX151/2020,China,2020/1/27
Xinyu/JX124/2020,China,2020/1/26
Nanchang/JX176/2020,China,2020/1/29
Nanchang/JX155/2020,China,2020/1/29
Zhejiang/HZ103/2020,China,2020/1/24
Beijing/Wuhan_IME-BJ01/2020,China,2020/1/24
Beijing/Wuhan_IME-BJ02/2020,China,2020/1/25
Beijing/Wuhan_IME-BJ03/2020,China,2020/1/28
Beijing/Wuhan_IME-BJ04/2020,China,2020/1/28
Beijing/Wuhan_IME-BJ05/2020,China,2020/1/27
Beijing/Wuhan_IME-BJ07/2020,China,2020/1/29
Korea/KCDC2002/2020,other Asia,2020/1/30
Korea/KCDC2004/2020,other Asia,2020/2/2
Korea/KCDC2005/2020,other Asia,2020/2/4
Korea/KCDC2006/2020,other Asia,2020/2/2
Korea/KCDC2007/2020,other Asia,2020/2/5
Korea/KCDC2008/2020,other Asia,2020/2/5
Korea/KCDC2009/2020,other Asia,2020/2/7
Korea/KCDC2010/2020,other Asia,2020/2/5
Korea/KCDC2012/2020,other Asia,2020/2/9
Korea/KCDC2014/2020,other Asia,2020/2/12
Taiwan/TSGH-01/2020,other Asia,2020/2/7
Korea/KCDC2016/2020,other Asia,2020/2/18
Korea/KCDC2017/2020,other Asia,2020/2/18
Korea/KCDC2018/2020,other Asia,2020/2/19
Korea/KCDC2019/2020,other Asia,2020/2/18
Guangdong/20SF1107/2020,China,2020/1/29
Guangdong/20SF1152/2020,China,2020/1/30
Guangdong/20SF123/2020,China,2020/1/20
Guangdong/20SF2546/2020,China,2020/2/6
Guangdong/20SF4047/2020,China,2020/2/17
Guangdong/20SF602/2020,China,2020/1/25
Guangdong/20SF616/2020,China,2020/1/24
Guangdong/20SF629/2020,China,2020/1/26
Guangdong/20SF632/2020,China,2020/1/26
Guangdong/20SF665/2020,China,2020/1/27
Guangdong/20SF684/2020,China,2020/1/27
Guangdong/20SF685/2020,China,2020/1/27
Guangdong/20SF753/2020,China,2020/1/28
Guangdong/20SF758/2020,China,2020/1/27
Guangdong/20SF808/2020,China,2020/1/28
Guangdong/20SF812/2020,China,2020/1/28
Guangdong/20SF813/2020,China,2020/1/28
Taiwan/8/2020,other Asia,2020/1/31
Taiwan/5/2020,other Asia,2020/1/31
Guangzhou/GZMU0003/2020,China,2020/2/7
Guangzhou/GZMU0008/2020,China,2020/2/7
Guangzhou/GZMU0010/2020,China,2020/2/7
Guangzhou/GZMU0013/2020,China,2020/2/7
Guangzhou/GZMU0019/2020,China,2020/2/5
Guangzhou/GZMU0023/2020,China,2020/2/5
Guangzhou/GZMU0024/2020,China,2020/2/5
Guangzhou/GZMU0025/2020,China,2020/2/5
Guangzhou/GZMU0033/2020,China,2020/2/1
Guangzhou/GZMU0034/2020,China,2020/2/1
Guangzhou/GZMU0035/2020,China,2020/2/1
Guangzhou/GZMU0037/2020,China,2020/2/8
Guangzhou/GZMU0041/2020,China,2020/2/8
Guangzhou/GZMU0045/2020,China,2020/2/8
Guangzhou/GZMU0051/2020,China,2020/1/29
Guangzhou/GZMU0052/2020,China,2020/1/29
Guangzhou/GZMU0054/2020,China,2020/1/29
Guangzhou/GZMU0059/2020,China,2020/1/27
Guangzhou/GZMU0036/2020,China,2020/2/1
Guangzhou/GZMU0055/2020,China,2020/1/29
Lishui/LS111/2020,China,2020/1/25
Lishui/LS556/2020,China,2020/1/28
Lishui/LS557/2020,China,2020/2/1
Malaysia/IMR_WC085/2020,other Asia,2020/1/28
Malaysia/IMR_WC627/2020,other Asia,2020/2/12
Beijing/BJ287/2020,China,2020/1/29
Beijing/BJ752/2020,China,2020/2/8
Beijing/BJ288/2020,China,2020/1/29
Beijing/BJ492/2020,China,2020/2/2
Beijing/BJ53/2020,China,2020/1/24
Beijing/BJ54/2020,China,2020/1/24
Beijing/BJ252/2020,China,2020/1/29
Beijing/BJ710/2020,China,2020/2/7
Beijing/BJ782/2020,China,2020/2/10
Beijing/BJ251/2020,China,2020/1/29
Fujian/3520022Y/2020,China,2020/1/23
Wuhan/IVDC-HB-GX02/2019,China,2019/12/30
HongKong/HK20/2020,other Asia,2020/1/20
HongKong/HKU-902a/2020,other Asia,2020/1/23
HongKong/HKU-902b/2020,other Asia,2020/1/24
HongKong/HKU-903a/2020,other Asia,2020/1/24
HongKong/HKU-903b/2020,other Asia,2020/1/27
HongKong/HKU-907a/2020,other Asia,2020/1/27
HongKong/HKU-907b/2020,other Asia,2020/1/29
HongKong/HKU-908a/2020,other Asia,2020/1/27
HongKong/HKU-908b/2020,other Asia,2020/1/29
HongKong/HKU-001a/2020,other Asia,2020/1/22
UnitedArabEmirates/L4280/2020,other Asia,2020/2/8
UnitedArabEmirates/L5630/2020,other Asia,2020/1/29
Thailand/SI203285-NT/2020,other Asia,2020/1/23
Thailand/SI202205-NT/2020,other Asia,2020/2/7
Thailand/SI201712-NT/2020,other Asia,2020/2/3
Thailand/SI200615-NT/2020,other Asia,2020/1/29
Thailand/SI200478-NST/2020,other Asia,2020/1/26
Thailand/SI200468-NT/2020,other Asia,2020/1/25
Thailand/SI200433-NT/2020,other Asia,2020/1/25
Thailand/SI200383-NT/2020,other Asia,2020/1/23
Thailand/SI200040-NT/2020,other Asia,2020/1/8
Thailand/SI200893-NT/2020,other Asia,2020/2/1